{
  "dataset_size": 500,
  "duplicate_urls": 0,
  "confusion_matrix": {
    "TN": 234,
    "FP": 0,
    "FN": 88,
    "TP": 178
  },
  "accuracy": 0.824,
  "precision": 1.0,
  "recall": 0.6691729323308271,
  "specificity": 1.0,
  "sensitivity": 0.6691729323308271,
  "npv": 0.7267080745341615,
  "ppv": 1.0,
  "fpr": 0.0,
  "fnr": 0.3308270676691729,
  "fdr": 0.0,
  "for": 0.2732919254658385,
  "f1_score": 0.8018018018018018,
  "balanced_accuracy": 0.8345864661654135,
  "mcc": 0.6973473834356261,
  "cohen_kappa": 0.6543706403569409,
  "roc_auc": 0.9358894029946662,
  "pr_auc": 0.9553863705559279,
  "brier_score": 0.17944681544865806,
  "log_loss": 0.9442223001617147,
  "accuracy_ci": [
    0.79,
    0.856
  ],
  "recall_ci": [
    0.6136916567971347,
    0.7255077030812325
  ],
  "precision_ci": [
    1.0,
    1.0
  ],
  "probability_dist": {
    "min": 0.0,
    "max": 1.0,
    "mean": 0.3496894611266621,
    "median": 0.006235873876105441,
    "std": 0.4712642194022048
  }
}