{
  "accuracy": 0.84876,
  "precision": 0.9993891264508247,
  "recall": 0.7044271343014835,
  "specificity": 0.9995501574448943,
  "sensitivity": 0.7044271343014835,
  "f1_score": 0.8263764522202324,
  "balanced_accuracy": 0.8519886458731889,
  "mcc": 0.7330717994247427,
  "cohen_kappa": 0.6993599990608519,
  "brier_score": 0.15202153770378762,
  "log_loss": 0.8583617443474538,
  "fpr": 0.000449842555105713,
  "fnr": 0.2955728656985165,
  "npv": 0.7639796205419935,
  "ppv": 0.9993891264508247,
  "ci_95": [
    0.846297,
    0.8524955000000001
  ]
}