{
  "accuracy": 0.9994950994950995,
  "precision": 1.0,
  "recall": 0.9987540310759309,
  "f1_score": 0.9993766271863884,
  "balanced_accuracy": 0.9993770155379654,
  "mcc": 0.9989529075270254,
  "roc_auc": 0.999857865806407,
  "pr_auc": 0.9998599288598556,
  "log_loss": 0.002984777890298473,
  "brier_score": 0.00045355922880176743,
  "fpr": 0.0,
  "fnr": 0.001245968924069188,
  "specificity": 1.0,
  "sensitivity": 0.9987540310759309
}